id,title,authors,year,provenance,market,access,url,decision,assessment
P01,Nasdaq-100 Index Futures: Intraday Momentum or Reversal?,Yu; Rentzler; Wolf,2005,Academic; Journal of Investment Management / author SSRN record,NQ futures,Author abstract,https://papers.ssrn.com/sol3/papers.cfm?abstract_id=712168,SELECT,Prior-session and overnight returns interact with return signs and calendar conditions. Exact full regression specification was not accessible; R3 uses an explicitly new causal reconstruction. R1/R2 used sign filters instead.
P02,Assessing the Profitability of Timely Opening Range Breakout on Index Futures Markets,Tsai et al.,2019,IEEE Access,Includes Nasdaq futures,Primary conference predecessor full-text search and published DOI metadata,https://doi.org/10.1109/ACCESS.2019.2899177,EXISTING,"Already underlies R1 ORB04. A different entry sequence can be studied, but this does not repair unresolved first-touch ordering or validate a retest strategy."
P03,Assessing the profitability of intraday opening range breakout strategies,Holmberg; Lonnbark; Lundstrom,2013,Finance Research Letters,Crude-oil futures,Publisher abstract and methodology excerpts,https://www.sciencedirect.com/science/article/pii/S1544612312000438,EXISTING,Statistical thresholds and contraction/expansion rationale. Original findings are time-dependent; not direct NQ evidence. R1 ORB06 already reconstructs this family.
P04,Day Trading Returns Across Volatility States,Lundstrom,2017 revision,Umea University working paper; later IFTA publication,S&P 500 and crude-oil futures,Author-institution PDF abstract,https://www.econ.umu.se/ueslpnr/ues861.pdf,EXISTING,Volatility conditions matter for ORB. Does not establish that any particular observable opening-range filter predicts profit. R1/R2 already test volatility gating.
P05,Evolutionary ORB-based model with protective closing strategies,Wu; Syu; Lin; Ho,2021,Knowledge-Based Systems,Taiwan futures,Bibliographic record; full publisher text unavailable,https://doi.org/10.1016/j.knosys.2021.106769,EXISTING,"Existing R1 ORB07 source. Genetic search is an optimization technique, not an additional economic edge. No new model slot."
P06,Neural Network-Based ORB Strategies for Threshold Classification on Taiwan Futures Market,Chen; Syu; Ho,2020,IEEE SMC conference,Taiwan futures,IEEE presentation record and conference contents,https://resourcecenter.smcs.ieee.org/conferences/smc-2020/smcs2020vid42,EXISTING,Existing R1 ORB08 source. Metadata reviewed; full method not newly verified. Neural thresholds do not count as a newly discovered mechanism.
P07,Enhancing Opening Range Breakout Strategies with LSTM-Based True Range Prediction,Wu et al.,2026,ACIIDS conference author presentation/abstract,ES futures,Author conference abstract; not full paper,https://easychair.org/smart-slide/slide/Q2fW2,EXISTING,"Predictive volatility improves a threshold strategy in the authors' study. Future-TR oracle results are not executable. R1 ORB09 uses a gradient-boosting surrogate, not the source LSTM."
P08,Market Intraday Momentum,Gao; Han; Li; Zhou,2018,Journal of Financial Economics,SPY and other equity ETFs,Author SSRN abstract and institutional publication record,https://papers.ssrn.com/sol3/papers.cfm?abstract_id=2440866,SELECT,First-half-hour return measured from the prior close predicts the final half-hour in the source sample. NQ transfer must be tested; opening-only return is a separate ablation.
P09,Hedging Demand and Market Intraday Momentum,Baltussen; Da; Lammers; Martens,2021,Journal of Financial Economics; Robeco / Erasmus / Notre Dame,"62 futures, including NQ",Full author-hosted PDF downloaded; relevant methods inspected,https://academicweb.nd.edu/~zda/intramom.pdf,BENCHMARK,"Direct futures evidence for late-day momentum. R2 CLOSE_MOMENTUM already uses prior-close-to-entry return, so repeating that signal gets no new discovery slot. Dealer-position data are not available."
P10,Understanding Intraday Momentum Strategies,Rosa,2022,Journal of Futures Markets,"Includes S&P 500, Nasdaq 100 and DJIA futures","Publisher abstract, data statement and author publication record; full model unavailable",https://onlinelibrary.wiley.com/doi/10.1002/fut.22375,SELECT,"Unconditional overnight-to-close predictability disappears out of sample in the paper. Regime and signal-strength conditioning motivate a competing model, not a blanket positive result. Our filtered-state implementation is an adaptation."
P11,Profitability of Technical Stock Trading: Has It Moved from Daily to Intraday Data?,Schulmeister,2009; 2008 working version,Review of Financial Economics / WIFO,S&P 500 spot and futures,Full institutional working paper downloaded; methods inspected,https://www.wifo.ac.at/en/publication/120484/,BACKGROUND,"Historical moving-average, momentum and RSI systems; performance weakens in later periods. Intraday sampling does not imply positions always close daily. No generic indicator ensemble is admitted on this evidence alone."
P12,A Profitable Day Trading Strategy for the U.S. Equity Market,Zarattini; Barbon; Aziz,2024,Academic/practitioner working paper,Cross-section of US stocks,Prior project primary-source review and source register,https://concretumgroup.com/wp-content/uploads/2026/02/A-Profitable-Day-Trading-Strategy-For-The-U.S.-Equity-Market.pdf,EXISTING,Stocks-in-play selection is central. A single NQ contract cannot replicate the stock-selection opportunity set. R2 opening direction and relative-volume models are adaptations.
P13,Beat the Market: An Effective Intraday Momentum Strategy for S&P500 ETF (SPY),Zarattini; Aziz; Barbon,2024; revised 2025,Swiss Finance Institute Research Paper 24-97; Concretum / St. Gallen / Peak Capital,SPY,Author abstract plus prior project primary-method review,https://papers.ssrn.com/sol3/papers.cfm?abstract_id=4824172,SELECT,Time-of-day noise bands and dynamic exits deserve a fuller implementation. R2 fixed ATR stops and one-entry restriction changed the strategy materially; its missing-path flags also prevent a clean conclusion.
P14,Volume Weighted Average Price (VWAP): The Holy Grail for Day Trading Systems,Zarattini; Aziz,2023; revised 2025,Practitioner working paper; Concretum / Peak Capital,QQQ and TQQQ,Author abstract and prior project primary-source review,https://papers.ssrn.com/sol3/papers.cfm?abstract_id=4631351,SELECT,"Standalone VWAP direction strategy, not an ORB filter. Headline leveraged-ETF returns are not NQ forecasts. Bar-derived VWAP is only an approximation to transaction VWAP."
P15,Can Day Trading Really Be Profitable?,Zarattini; Aziz,2023; revised 2025,Practitioner working paper,QQQ / TQQQ,Author abstract and author research summary,https://papers.ssrn.com/sol3/papers.cfm?abstract_id=4416622,EXISTING,"Modified opening-range strategy. Already represented in prior ORB work. ETF leverage, execution, and returns cannot be copied to prop-firm NQ accounts."
P16,Intraday Price Reversals in the US Stock Index Futures Market: A 15-Year Study,Grant; Wolf; Yu,2005,Journal of Banking & Finance,S&P 500 futures,Publisher abstract and methodology excerpts,https://www.sciencedirect.com/science/article/pii/S0378426604000949,EXISTING,"Opening-gap reversals follow initial continuation, but transaction costs sharply weaken significance. R2 already tests fixed gap and opening-shock fades. Supports a comparator for statistical gap classification."
P17,Statistical Arbitrage with Mean-Reverting Overnight Price Gaps on High-Frequency Data of the S&P 500,Stubinger; Schneider,2019,Journal of Risk and Financial Management; Erlangen-Nurnberg,S&P 500 index event study; constituent-stock trading,Full paper downloaded; event detection and trading sections inspected,https://www.mdpi.com/1911-8074/12/2/51,SELECT,"Uses jump tests rather than a fixed gap cutoff. Prior-day intraday returns plus the current opening gap can define a causal event. NQ lacks constituent selection; R3 is a single-instrument transfer, not the paper's statistical-arbitrage portfolio."
P18,Evidence and Behaviour of Support and Resistance Levels in Financial Time Series,Chung; Bellotti,2021,Academic preprint; Imperial / Nottingham affiliations in manuscript,"EURUSD, LLOY equity and Brent price series",Full author preprint downloaded; algorithms and sample inspected,https://arxiv.org/abs/2101.07410,SELECT_EXPLORATORY,Prior bounce count and age relate to subsequent bounces. Source is not NQ and does not establish executable net trading profits. Causal level discovery and next-bar execution are required.
P19,Support for Resistance: Technical Analysis and Intraday Exchange Rates,Osler,2000,Federal Reserve Bank of New York Economic Policy Review,FX,Primary institutional source located,https://www.newyorkfed.org/medialibrary/media/research/epr/00v06n2/0007osle.pdf,MECHANISM,"Level-related trend interruptions provide contextual support. FX evidence does not validate NQ levels, opening-range retests, or net profits."
P20,Currency Orders and Exchange-Rate Dynamics: An Explanation for the Predictive Success of Technical Analysis,Osler,2001 staff report; 2003 publication,NY Fed Staff Report 125 / Journal of Finance,FX bank orders,Primary institutional research record,https://www.newyorkfed.org/research/staff_reports/sr125.html,MECHANISM,Stop and take-profit order clustering offers a possible mechanism for continuation or reversal at levels. Our OHLCV data do not reveal those orders; avoid claims of measured stop hunts.
P21,Intraday Patterns in the Cross-section of Stock Returns,Heston; Korajczyk; Sadka,2010,"Journal of Finance; academic authors, PanAgora research funding acknowledged",Cross-section of US stocks,"Author manuscript abstract, funding statement and publication record",https://www.bauer.uh.edu/departments/finance/documents/Heston_Korajczyk_Sadka_paper_UH.pdf,SELECT_EXPLORATORY,Same-clock half-hour return continuation motivates a time-series NQ transfer. The paper's cross-sectional finding does not establish an aggregate-index effect. Net executable edge may be absent.
P22,The Overnight Drift,Boyarchenko; Larsen; Whelan,2020; revised 2022,Federal Reserve Bank of New York Staff Report 917,S&P 500 futures,Primary abstract; prior project full-method review,https://www.newyorkfed.org/research/staff_reports/sr917,EXISTING,European-opening drift and inventory interpretation already motivated R2. A DST correction or extra time filter is not a new discovery family; retain as later implementation work.
P23,The Pre-FOMC Announcement Drift,Lucca; Moench,2015; staff report 2011/2013,Journal of Finance / Federal Reserve Bank of New York,US equities and international comparisons,Primary institutional abstract,https://www.newyorkfed.org/research/staff_reports/sr512,DEFER,"Calendar-event mechanism is credible, but a cash-session-only NQ transfer has a much smaller exposure window and very few events in our short history. Requires a separately frozen event calendar and more data."
P24,Time Series Momentum,Moskowitz; Ooi; Pedersen,2012,Journal of Financial Economics / AQR,58 futures,Primary institutional research summary,https://www.aqr.com/Insights/Research/Journal-Article/Time-Series-Momentum,BACKGROUND,Long-horizon futures evidence. A 12-month/next-month result is not evidence for a five-minute NQ rule; no intraday model slot on that basis.
P25,Enhancing Time Series Momentum Strategies Using Deep Neural Networks,Lim; Zohren; Roberts,2019 preprint,Oxford / Oxford-Man research,88 continuous futures,Author preprint abstract,https://arxiv.org/abs/1904.04912,DEFER,Deep Momentum Networks concern a much larger futures panel and a different horizon. Our short single-instrument sample cannot justify a faithful transfer.
P26,Deep Reinforcement Learning for Trading,Zhang; Zohren; Roberts,2019 preprint,Oxford / Oxford-Man research,Continuous futures portfolios,Author preprint abstract,https://arxiv.org/abs/1911.10107,DEFER,"Interesting methodology, but reward optimization does not itself supply an edge. Dataset scale, costs and daily-flattening differences make it unsuitable for a new NQ-only slot now."
P27,Structural Limits of OHLCV-Based Intraday Signals in MNQ Futures: A Systematic Falsification Study,Mesfin,2026,"Independent, non-peer-reviewed preprint",MNQ,Full author preprint downloaded; abstract and methods inspected,https://arxiv.org/abs/2605.04004,NEGATIVE_EVIDENCE,"Fourteen tested families fail the author's joint criteria. Useful warning, not a proof that all OHLCV strategies are impossible. Positive-control claims are not adopted without reproducible specifications. Already cited in R1 ORB03."
P28,A Validated Volatility-Volume-Gap Classifier for Regime Identification in MNQ Intraday Data,Mesfin,2026,"Independent, non-peer-reviewed preprint",MNQ,Full author preprint downloaded and inspected,https://arxiv.org/abs/2605.11423,EXCLUDE,"The paper reports failed trading variants. Unreconciled counts include 40 classifier days, yearly counts totaling 55, and 125 days in another analysis. First-30-minute return is observable at 10:00, not premarket. Do not use the title as evidence of a validated tradable edge."
P29,Sequential Structure in Intraday Futures Data: LSTM vs Gradient Boosting on MNQ,Mesfin,2026,"Independent, non-peer-reviewed preprint",MNQ,Full author preprint downloaded; abstract inspected,https://arxiv.org/abs/2605.17724,NEGATIVE_EVIDENCE,"No tested architecture has significant out-of-sample accuracy above the stated base rate. This does not rule out all ML, but it argues against selecting an LSTM simply for sophistication."
P30,Market Simulation under Adverse Selection,Lalor; Swishchuk,2024 preprint; revised 2026,Academic preprint,"ES, NQ, CL and ZN",Author preprint record,https://arxiv.org/abs/2409.12721,EXECUTION_ONLY,Fill probability and adverse selection matter. Market making needs order-level inputs and queue/fill modeling that our one-minute OHLCV data cannot supply.
P31,The Probability of Backtest Overfitting,Bailey; Borwein; Lopez de Prado; Zhu,2017 journal; earlier working versions,Journal of Computational Finance; academic/institutional methodology,Strategy-selection methodology,Author-hosted paper/source record,https://www.davidhbailey.com/dhbpapers/backtest-prob.pdf,VALIDATION,"Retain the full trial universe and account for selection. PBO is a diagnostic, not a substitute for causal execution or a genuinely untouched test."
P32,"The Deflated Sharpe Ratio: Correcting for Selection Bias, Backtest Overfitting and Non-Normality",Bailey; Lopez de Prado,2014,Journal of Portfolio Management,Strategy-selection methodology,Author SSRN abstract,https://papers.ssrn.com/sol3/papers.cfm?abstract_id=2460551,VALIDATION,Adjust for search and non-normal returns; dependence assumptions and effective trial count must be disclosed. Do not treat every correlated grid row as an independent strategy.
P33,Anatomy of the Retest in the QQQ Opening Range Breakout,Pineda,2026,Independent descriptive working paper,QQQ one-minute data,Author SSRN abstract; full specification not accessed,https://papers.ssrn.com/sol3/papers.cfm?abstract_id=6745958,SELECT_EXPLORATORY,"Directly studies breakout/retest sequences, but explicitly makes no exploitability or causality claim. NQ entries, risk rules and timing below are our proposed hypothesis, not a replicated institutional system."
P34,Information Shares for Markets with Partially Overlapping Trading Hours,See publisher record,2023,Journal of Banking & Finance,S&P 500 / Nasdaq cash and E-mini markets,Publisher method and conclusion excerpts,https://doi.org/10.1016/j.jbankfin.2023.106970,DEFER,"Relevant to price discovery, but requires synchronized cash/futures inputs. It does not show that ES reliably leads NQ at our execution horizon."
P35,Improving Performance with Fast Alphas: A Tactical Overlay for Intraday Trend Trading,Zarattini; Pagani,2026,Practitioner research note; Concretum QuanTips,SPY five-minute bars,Primary author summary and indexed paper excerpts,https://concretumgroup.com/wp-content/uploads/2026/02/Improving-Performance-with-Fast-Alphas-A-Tactical-Overlay-for-Intraday-Trend-Trading.pdf,EXECUTION_ONLY,"The standalone short-horizon reversal signal loses money after transaction costs in the authors study; they instead investigate delaying trend entries and exits. Retain as a possible later execution overlay after a base NQ signal survives, not an independent tenth edge."
I01,Goldman Sachs New Horizons Index: Satellite Intraday Equity Component,Goldman Sachs,Retrieved 2026-09-04,Official bank methodology; not an academic paper,Explicit standalone NQ and ES components,Full 105-page public PDF downloaded; pages 87-88 inspected,https://www.goldmansachs.com/what-we-do/FICC-and-equities/products-and-business-groups/products/index-methodologies-docs/gs-new-horizons-methodology.pdf,SELECT,"NQ component GSISMRNQ reacts to moves from the previous close, uses delayed TWAP rebalancing and ends flat. This overview omits numerical subcomponent parameters; our transparent version must not be called an exact replica or endorsed strategy."
I02,Morgan Stanley Non-Financial US Large Cap Short-Only Intraday Momentum Series 3 Index,Morgan Stanley,2026 filing,Official bank description in SEC filing; not an academic paper,NQ futures,"Primary filing, pages 20-21 inspected",https://www.sec.gov/Archives/edgar/data/895421/000183988226026759/ms16252_424b2-17291.htm,SUPPORT,"Short-only, previous-close threshold exposure, scaled with price movement and volatility, flat overnight. Corroborates institutional use of the mechanism. Treated within I01's family rather than an extra independent edge; 0.0001 in the table is a transaction-cost rate, not the signal threshold."
